{
    "django": {
        "sources": {
            "Direct": {
                "django": {
                    "cves_total": 99,
                    "cves_percentage": "98.02%%",
                    "patch_time": {
                        "after_publication": {},
                        "before_publication": {
                            "critical": {
                                "count": 10,
                                "percentage": "9.90%%",
                                "mean": -92.82653061224491,
                                "std": 1.4979556132593925e-14,
                                "min": -92.8265306122449,
                                "25%": -92.8265306122449,
                                "50%": -92.8265306122449,
                                "75%": -92.8265306122449,
                                "max": -92.8265306122449
                            },
                            "high": {
                                "count": 29,
                                "percentage": "28.71%%",
                                "mean": -92.82653061224488,
                                "std": 1.4462393795585838e-14,
                                "min": -92.8265306122449,
                                "25%": -92.8265306122449,
                                "50%": -92.8265306122449,
                                "75%": -92.8265306122449,
                                "max": -92.8265306122449
                            },
                            "medium": {
                                "count": 58,
                                "percentage": "57.43%%",
                                "mean": -92.82653061224491,
                                "std": 1.4334969339959246e-14,
                                "min": -92.8265306122449,
                                "25%": -92.8265306122449,
                                "50%": -92.8265306122449,
                                "75%": -92.8265306122449,
                                "max": -92.8265306122449
                            },
                            "low": {
                                "count": 2,
                                "percentage": "1.98%%",
                                "mean": -92.8265306122449,
                                "std": 0.0,
                                "min": -92.8265306122449,
                                "25%": -92.8265306122449,
                                "50%": -92.8265306122449,
                                "75%": -92.8265306122449,
                                "max": -92.8265306122449
                            },
                            "all": {
                                "count": 99,
                                "percentage": "98.02%%",
                                "mean": -92.82653061224491,
                                "std": 1.4283175053588122e-14,
                                "min": -92.8265306122449,
                                "25%": -92.8265306122449,
                                "50%": -92.8265306122449,
                                "75%": -92.8265306122449,
                                "max": -92.8265306122449
                            }
                        }
                    },
                    "severities": {
                        "critical": 10,
                        "critical_percentage": "10.10%%",
                        "high": 29,
                        "high_percentage": "29.29%%",
                        "medium": 58,
                        "medium_percentage": "58.59%%",
                        "low": 2,
                        "low_percentage": "2.02%%",
                        "all": 99,
                        "all_percentage": "100.00%%"
                    }
                },
                "cves_total": 99,
                "cves_percentage": "98.02%%"
            },
            "Indirect": {
                "sqlparse": {
                    "cves_total": 2,
                    "cves_percentage": "1.98%%",
                    "patch_time": {
                        "after_publication": {},
                        "before_publication": {
                            "high": {
                                "count": 2,
                                "percentage": "1.98%%",
                                "mean": -6.0,
                                "std": 0.0,
                                "min": -6.0,
                                "25%": -6.0,
                                "50%": -6.0,
                                "75%": -6.0,
                                "max": -6.0
                            }
                        }
                    },
                    "severities": {
                        "high": 2,
                        "high_percentage": "100.00%%"
                    }
                },
                "cves_total": 2,
                "cves_percentage": "1.98%%"
            }
        },
        "cves_total": 101
    },
    "flask": {
        "sources": {
            "Direct": {
                "flask": {
                    "cves_total": 3,
                    "cves_percentage": "20.00%%",
                    "patch_time": {
                        "after_publication": {},
                        "before_publication": {
                            "high": {
                                "count": 3,
                                "percentage": "20.00%%",
                                "mean": -188.0,
                                "std": 0.0,
                                "min": -188.0,
                                "25%": -188.0,
                                "50%": -188.0,
                                "75%": -188.0,
                                "max": -188.0
                            }
                        }
                    },
                    "severities": {
                        "high": 3,
                        "high_percentage": "100.00%%"
                    }
                },
                "cves_total": 3,
                "cves_percentage": "20.00%%"
            },
            "Indirect": {
                "jinja2": {
                    "cves_total": 4,
                    "cves_percentage": "26.67%%",
                    "patch_time": {
                        "after_publication": {},
                        "before_publication": {
                            "high": {
                                "count": 2,
                                "percentage": "13.33%%",
                                "mean": -208.75,
                                "std": 0.0,
                                "min": -208.75,
                                "25%": -208.75,
                                "50%": -208.75,
                                "75%": -208.75,
                                "max": -208.75
                            },
                            "medium": {
                                "count": 2,
                                "percentage": "13.33%%",
                                "mean": -208.75,
                                "std": 0.0,
                                "min": -208.75,
                                "25%": -208.75,
                                "50%": -208.75,
                                "75%": -208.75,
                                "max": -208.75
                            },
                            "all": {
                                "count": 4,
                                "percentage": "26.67%%",
                                "mean": -208.75,
                                "std": 0.0,
                                "min": -208.75,
                                "25%": -208.75,
                                "50%": -208.75,
                                "75%": -208.75,
                                "max": -208.75
                            }
                        }
                    },
                    "severities": {
                        "high": 2,