{
    "django": {
        "sources": {
            "Direct": {
                "django": {
                    "cves_total": 99,
                    "cves_percentage": "98.02%%",
                    "patch_time": {
                        "after_publication": {
                            "medium": {
                                "count": 2,
                                "percentage": "1.98%%",
                                "mean": 54.5,
                                "std": 72.8319984622144,
                                "min": 3.0,
                                "25%": 28.75,
                                "50%": 54.5,
                                "75%": 80.25,
                                "max": 106.0
                            }
                        },
                        "before_publication": {
                            "critical": {
                                "count": 10,
                                "percentage": "9.90%%",
                                "mean": -6.1,
                                "std": 11.826993606905255,
                                "min": -39.0,
                                "25%": -3.5,
                                "50%": -1.5,
                                "75%": -1.0,
                                "max": -1.0
                            },
                            "high": {
                                "count": 28,
                                "percentage": "27.72%%",
                                "mean": -29.428571428571427,
                                "std": 93.77373420906959,
                                "min": -493.0,
                                "25%": -9.0,
                                "50%": -2.0,
                                "75%": -1.0,
                                "max": -1.0
                            },
                            "medium": {
                                "count": 56,
                                "percentage": "55.45%%",
                                "mean": -147.80357142857142,
                                "std": 255.32719967936023,
                                "min": -987.0,
                                "25%": -281.75,
                                "50%": -7.0,
                                "75%": -3.0,
                                "max": -1.0
                            },
                            "low": {
                                "count": 2,
                                "percentage": "1.98%%",
                                "mean": -22.0,
                                "std": 22.627416997969522,
                                "min": -38.0,
                                "25%": -30.0,
                                "50%": -22.0,
                                "75%": -14.0,
                                "max": -6.0
                            },
                            "all": {
                                "count": 96,
                                "percentage": "95.05%%",
                                "mean": -95.89583333333333,
                                "std": 210.03500856895596,
                                "min": -987.0,
                                "25%": -39.0,
                                "50%": -6.0,
                                "75%": -1.0,
                                "max": -1.0
                            }
                        }
                    },
                    "severities": {
                        "critical": 10,
                        "critical_percentage": "10.10%%",
                        "high": 29,
                        "high_percentage": "29.29%%",
                        "medium": 58,
                        "medium_percentage": "58.59%%",
                        "low": 2,
                        "low_percentage": "2.02%%",
                        "all": 99,
                        "all_percentage": "100.00%%"
                    }
                },
                "cves_total": 99,
                "cves_percentage": "98.02%%"
            },
            "Indirect": {
                "sqlparse": {
                    "cves_total": 2,
                    "cves_percentage": "1.98%%",
                    "patch_time": {
                        "after_publication": {},
                        "before_publication": {
                            "high": {
                                "count": 2,
                                "percentage": "1.98%%",
                                "mean": -6.0,
                                "std": 7.0710678118654755,
                                "min": -11.0,
                                "25%": -8.5,
                                "50%": -6.0,
                                "75%": -3.5,
                                "max": -1.0
                            }
                        }
                    },
                    "severities": {
                        "high": 2,
                        "high_percentage": "100.00%%"
                    }
                },
                "cves_total": 2,
                "cves_percentage": "1.98%%"
            }
        },
        "cves_total": 101
    },
    "flask": {
        "sources": {
            "Direct": {
                "flask": {
                    "cves_total": 3,
                    "cves_percentage": "20.00%%",
                    "patch_time": {
                        "after_publication": {},
                        "before_publication": {
                            "high": {
                                "count": 3,
                                "percentage": "20.00%%",
                                "mean": -188.0,
                                "std": 231.5534495532295,
                                "min": -447.0,
                                "25%": -281.5,
                                "50%": -116.0,
                                "75%": -58.5,
                                "max": -1.0
                            }
                        }
                    },
                    "severities": {
                        "high": 3,
                        "high_percentage": "100.00%%"
                    }
                },
                "cves_total": 3,
                "cves_percentage": "20.00%%"
            },
            "Indirect": {
                "jinja2": {
                    "cves_total": 4,
                    "cves_percentage": "26.67%%",
                    "patch_time": {
                        "after_publication": {},
                        "before_publication": {
                            "high": {
                                "count": 2,
                                "percentage": "13.33%%",
                                "mean": -416.0,
                                "std": 586.8986283848344,
                                "min": -831.0,
                                "25%": -623.5,
                                "50%": -416.0,
                                "75%": -208.5,
                                "max": -1.0
                            },
                            "medium": {
                                "count": 2,
                                "percentage": "13.33%%",
                                "mean": -1.5,
                                "std": 0.7071067811865476,
                                "min": -2.0,
                                "25%": -1.75,
                                "50%": -1.5,
                                "75%": -1.25,
                                "max": -1.0
                            },
                            "all": {
                                "count": 4,
                                "percentage": "26.67%%",
                                "mean": -208.75,
                                "std": 414.83360117843233,
                                "min": -831.0,
                                "25%": -209.25,
                                "50%": -1.5,