{
    "django": {
        "sources": {
            "Direct": {
                "django": {
                    "cves_total": 99,
                    "cves_percentage": "98.02%%",
                    "patch_time": {
                        "after_publication": {
                            "critical": {
                                "count": 1,
                                "percentage": "0.9900990099009901%",
                                "value": 1.4
                            },
                            "medium": {
                                "count": 6,
                                "percentage": "5.94%%",
                                "mean": 12.299999999999999,
                                "std": 14.51674894733666,
                                "min": 1.4,
                                "25%": 1.7999999999999998,
                                "50%": 5.5,
                                "75%": 19.625,
                                "max": 36.5
                            },
                            "all": {
                                "count": 7,
                                "percentage": "6.93%%",
                                "mean": 10.742857142857142,
                                "std": 13.877542667064313,
                                "min": 1.4,
                                "25%": 1.4,
                                "50%": 3.0,
                                "75%": 15.75,
                                "max": 36.5
                            }
                        },
                        "before_publication": {
                            "critical": {
                                "count": 9,
                                "percentage": "8.91%%",
                                "mean": -6.555555555555555,
                                "std": 12.451015130413172,
                                "min": -39.0,
                                "25%": -4.0,
                                "50%": -1.0,
                                "75%": -1.0,
                                "max": -1.0
                            },
                            "high": {
                                "count": 28,
                                "percentage": "27.72%%",
                                "mean": -20.285714285714285,
                                "std": 38.35310432553089,
                                "min": -168.33333333333334,
                                "25%": -25.5,
                                "50%": -2.0,
                                "75%": -1.0,
                                "max": -1.0
                            },
                            "medium": {
                                "count": 52,
                                "percentage": "51.49%%",
                                "mean": -113.03969780219778,
                                "std": 161.7709971229147,
                                "min": -609.5714285714286,
                                "25%": -168.33333333333334,
                                "50%": -47.0,
                                "75%": -3.0,
                                "max": -1.0
                            },
                            "low": {
                                "count": 2,
                                "percentage": "1.98%%",
                                "mean": -76.41666666666666,
                                "std": 54.32937102116639,
                                "min": -114.83333333333331,
                                "25%": -95.62499999999999,
                                "50%": -76.41666666666666,
                                "75%": -57.20833333333333,
                                "max": -38.0
                            },
                            "all": {
                                "count": 91,
                                "percentage": "90.10%%",
                                "mean": -73.16371009942438,
                                "std": 132.4762732186535,
                                "min": -609.5714285714286,
                                "25%": -81.20833333333334,
                                "50%": -7.0,
                                "75%": -1.0,
                                "max": -1.0
                            }
                        }
                    },
                    "severities": {
                        "critical": 10,
                        "critical_percentage": "10.10%%",
                        "high": 29,
                        "high_percentage": "29.29%%",
                        "medium": 58,
                        "medium_percentage": "58.59%%",
                        "low": 2,
                        "low_percentage": "2.02%%",
                        "all": 99,
                        "all_percentage": "100.00%%"
                    }
                },
                "cves_total": 99,
                "cves_percentage": "98.02%%"
            },
            "Indirect": {
                "sqlparse": {
                    "cves_total": 2,
                    "cves_percentage": "1.98%%",
                    "patch_time": {
                        "after_publication": {},
                        "before_publication": {
                            "high": {
                                "count": 2,
                                "percentage": "1.98%%",
                                "mean": -6.0,
                                "std": 7.0710678118654755,
                                "min": -11.0,
                                "25%": -8.5,
                                "50%": -6.0,
                                "75%": -3.5,
                                "max": -1.0
                            }
                        }
                    },
                    "severities": {
                        "high": 2,
                        "high_percentage": "100.00%%"
                    }
                },
                "cves_total": 2,
                "cves_percentage": "1.98%%"
            }
        },
        "cves_total": 101
    },
    "flask": {
        "sources": {
            "Direct": {
                "flask": {
                    "cves_total": 3,
                    "cves_percentage": "20.00%%",
                    "patch_time": {
                        "after_publication": {},
                        "before_publication": {
                            "high": {
                                "count": 3,
                                "percentage": "20.00%%",
                                "mean": -188.16666666666666,
                                "std": 231.35164432813815,
                                "min": -447.0,
                                "25%": -281.5,
                                "50%": -116.0,
                                "75%": -58.75,
                                "max": -1.5
                            }
                        }
                    },
                    "severities": {
                        "high": 3,
                        "high_percentage": "100.00%%"
                    }
                },
                "cves_total": 3,
                "cves_percentage": "20.00%%"
            },
            "Indirect": {
                "jinja2": {
                    "cves_total": 4,
                    "cves_percentage": "26.67%%",
                    "patch_time": {
                        "after_publication": {},
                        "before_publication": {
                            "high": {
                                "count": 2,
                                "percentage": "13.33%%",
                                "mean": -416.0,
                                "std": 586.8986283848344,
                                "min": -831.0,
                                "25%": -623.5,
                                "50%": -416.0,
                                "75%": -208.5,